{
    "1": {
        "loss": 2.5836129784584045,
        "loss_val": 2.5860304832458496,
        "loss_test": 2.5836129784584045,
        "val_accuracy": 0.14434999972581863,
        "test_accuracy": 0.13932500407099724
    },
    "2": {
        "loss": 1.339102327823639,
        "loss_val": 1.3345538079738617,
        "loss_test": 1.339102327823639,
        "val_accuracy": 0.5849000066518784,
        "test_accuracy": 0.5745749920606613
    },
    "3": {
        "loss": 1.1184527277946472,
        "loss_val": 1.1214184165000916,
        "loss_test": 1.2184527277946472,
        "val_accuracy": 0.6794749945402145,
        "test_accuracy": 0.5779000014066696
    },
    "4": {
        "loss": 1.0793172419071198,
        "loss_val": 1.073583036661148,
        "loss_test": 1.1793172419071198,
        "val_accuracy": 0.7005250155925751,
        "test_accuracy": 0.5919000053405762
    },
    "5": {
        "loss": 1.0568545162677765,
        "loss_val": 1.0541284382343292,
        "loss_test": 1.1568545162677765,
        "val_accuracy": 0.7114499807357788,
        "test_accuracy": 0.6111999988555908
    }
}