{
    "1": {
        "loss": 2.810070753097534,
        "loss_val": 2.79042649269104,
        "loss_test": 2.810070753097534,
        "val_accuracy": 0.1416499987244606,
        "test_accuracy": 0.13855000585317612
    },
    "2": {
        "loss": 1.010313093662262,
        "loss_val": 1.009304404258728,
        "loss_test": 1.010313093662262,
        "val_accuracy": 0.6643000245094299,
        "test_accuracy": 0.6679999828338623
    },
    "3": {
        "loss": 0.9892177581787109,
        "loss_val": 0.9809962809085846,
        "loss_test": 0.9892177581787109,
        "val_accuracy": 0.6741999983787537,
        "test_accuracy": 0.6748499870300293
    },
    "4": {
        "loss": 0.9487515687942505,
        "loss_val": 0.936765193939209,
        "loss_test": 0.9487515687942505,
        "val_accuracy": 0.6916000247001648,
        "test_accuracy": 0.6908000111579895
    },
    "5": {
        "loss": 0.9396561086177826,
        "loss_val": 0.9285064041614532,
        "loss_test": 0.9396561086177826,
        "val_accuracy": 0.6972500085830688,
        "test_accuracy": 0.6944000124931335
    }
}