{
    "1": {
        "loss": 1.4217262268066406,
        "loss_val": 1.4147325158119202,
        "loss_test": 1.4217262268066406,
        "val_accuracy": 0.623449981212616,
        "test_accuracy": 0.6229000091552734
    },
    "2": {
        "loss": 1.723779320716858,
        "loss_val": 1.7130061388015747,
        "loss_test": 1.723779320716858,
        "val_accuracy": 0.6237999796867371,
        "test_accuracy": 0.6233000159263611
    },
    "3": {
        "loss": 1.7640873193740845,
        "loss_val": 1.7586500644683838,
        "loss_test": 1.7640873193740845,
        "val_accuracy": 0.6108999848365784,
        "test_accuracy": 0.6055999994277954
    },
    "4": {
        "loss": 1.7373112440109253,
        "loss_val": 1.723267674446106,
        "loss_test": 1.7373112440109253,
        "val_accuracy": 0.605650007724762,
        "test_accuracy": 0.6064000129699707
    },
    "5": {
        "loss": 1.7493827939033508,
        "loss_val": 1.7257673144340515,
        "loss_test": 1.7493827939033508,
        "val_accuracy": 0.6094499826431274,
        "test_accuracy": 0.6085000038146973
    }
}