{
    "1": {
        "loss": 2.5663020610809326,
        "loss_val": 2.554360032081604,
        "loss_test": 2.5663020610809326,
        "val_accuracy": 0.2243499979376793,
        "test_accuracy": 0.21870000660419464
    },
    "2": {
        "loss": 1.492478609085083,
        "loss_val": 1.4873547554016113,
        "loss_test": 1.492478609085083,
        "val_accuracy": 0.6142500042915344,
        "test_accuracy": 0.6064000129699707
    },
    "3": {
        "loss": 2.2657986879348755,
        "loss_val": 2.247944712638855,
        "loss_test": 2.2657986879348755,
        "val_accuracy": 0.32030001282691956,
        "test_accuracy": 0.3180999904870987
    },
    "4": {
        "loss": 1.5638003945350647,
        "loss_val": 1.5334134101867676,
        "loss_test": 1.5638003945350647,
        "val_accuracy": 0.6575000286102295,
        "test_accuracy": 0.6527000069618225
    },
    "5": {
        "loss": 1.5263102054595947,
        "loss_val": 1.4991722106933594,
        "loss_test": 1.5263102054595947,
        "val_accuracy": 0.6615500152111053,
        "test_accuracy": 0.6538999974727631
    }
}