{
    "1": {
        "loss": 2.2380011081695557,
        "loss_val": 2.2332265377044678,
        "loss_test": 2.2380011081695557,
        "val_accuracy": 0.186599999666214,
        "test_accuracy": 0.1890999972820282
    },
    "2": {
        "loss": 1.5696215629577637,
        "loss_val": 1.5594319105148315,
        "loss_test": 1.5696215629577637,
        "val_accuracy": 0.44065000116825104,
        "test_accuracy": 0.4419500082731247
    },
    "3": {
        "loss": 1.3580483198165894,
        "loss_val": 1.3401049375534058,
        "loss_test": 1.3580483198165894,
        "val_accuracy": 0.5668500065803528,
        "test_accuracy": 0.562749981880188
    },
    "4": {
        "loss": 1.2337508797645569,
        "loss_val": 1.2187641263008118,
        "loss_test": 1.2337508797645569,
        "val_accuracy": 0.6144999861717224,
        "test_accuracy": 0.6047000288963318
    },
    "5": {
        "loss": 1.1926207542419434,
        "loss_val": 1.1801882982254028,
        "loss_test": 1.1926207542419434,
        "val_accuracy": 0.6251999735832214,
        "test_accuracy": 0.6185500025749207
    }
}