{
    "1": {
        "loss": 2.4738579392433167,
        "loss_val": 2.4692423939704895,
        "loss_test": 2.4738579392433167,
        "val_accuracy": 0.12107500061392784,
        "test_accuracy": 0.11969999969005585
    },
    "2": {
        "loss": 1.1797054708003998,
        "loss_val": 1.175288736820221,
        "loss_test": 1.1797054708003998,
        "val_accuracy": 0.5926499962806702,
        "test_accuracy": 0.5954499840736389
    },
    "3": {
        "loss": 1.0763709247112274,
        "loss_val": 1.060535728931427,
        "loss_test": 1.0763709247112274,
        "val_accuracy": 0.6487250030040741,
        "test_accuracy": 0.6471749842166901
    },
    "4": {
        "loss": 1.025464117527008,
        "loss_val": 1.0107989609241486,
        "loss_test": 1.025464117527008,
        "val_accuracy": 0.6705999970436096,
        "test_accuracy": 0.6658749878406525
    },
    "5": {
        "loss": 0.9847077876329422,
        "loss_val": 0.9692583829164505,
        "loss_test": 0.9847077876329422,
        "val_accuracy": 0.6858999878168106,
        "test_accuracy": 0.6807999908924103
    }
}