{
    "1": {
        "loss": 2.1740325689315796,
        "test_accuracy": 0.286750003695488
    }
}