{
    "1": {
        "loss": 1.5986669957637787,
        "loss_val": 1.593264788389206,
        "loss_test": 1.5986669957637787,
        "val_accuracy": 0.6323749870061874,
        "test_accuracy": 0.6342999935150146
    },
    "2": {
        "loss": 1.381818801164627,
        "loss_val": 1.373829960823059,
        "loss_test": 1.381818801164627,
        "val_accuracy": 0.6404750049114227,
        "test_accuracy": 0.6352000087499619
    },
    "3": {
        "loss": 1.3743355870246887,
        "loss_val": 1.3739117681980133,
        "loss_test": 1.3743355870246887,
        "val_accuracy": 0.6400249898433685,
        "test_accuracy": 0.6362500190734863
    },
    "4": {
        "loss": 1.413152664899826,
        "loss_val": 1.4112818241119385,
        "loss_test": 1.413152664899826,
        "val_accuracy": 0.6385749876499176,
        "test_accuracy": 0.6343249976634979
    },
    "5": {
        "loss": 1.4606852531433105,
        "loss_val": 1.461997926235199,
        "loss_test": 1.4606852531433105,
        "val_accuracy": 0.6360749900341034,
        "test_accuracy": 0.6352249979972839
    }
}